[
  {
    "model": "recipes.recipe",
    "pk": 1,
    "fields": {
      "title": "Жареная картошка с грибами",
      "instruction": "200г. шампиньонов помыть и нарезать соломкой. 8 штук картофеля почистить, помыть и нарезать соломкой. 2 шт. лука почистить, помыть и нарезать четвертькольцами. Разогреть сковороду с растительным малом и выложить картофель. Жарить 5 минут. Наверх картофеля выложить грибы и не перемешивая, поджарить еще 5-7 минут. Спустя время, перевернут картофель и сверху выложить лук, жарить 5 минут. Затем посолить, поперчить и добавить паприку. Перемешать и жарить еще так же по 5 минут переворачивая 3-4 раза.",
      "created_at": "2022-02-19 10:39:14.992277+03:00",
      "updated_at": "2022-02-19 10:39:14.992277+03:00",
      "ingredient": [
        3,
        4,
        6,
        9,
        11,
        14,
        16
      ],
      "image": "images/recipes/Fried_potatoes.jpeg",
      "user": 2
    }
  },
  {
    "model": "recipes.recipe",
    "pk": 2,
    "fields": {
      "title": "Творожная запеканка",
      "instruction": "500г. творога смешать с 2 столовыми ложками размягченного масла. 2 яйца взбить с  3 столовыми ложками сахара. Смешать творог, яйца, пол чайной ложки соли, ванилина по вкусу, 100г. изюма, 2 столовые ложки манки до однородной массы. Форму смазать сливочным маслом и посыпать панировочными сухарями. Выложить массу в форму, разровнять, смазать поверхность 100г. сметаны и сбрызнуть маслом. Выпекать примерно 30 минут при 180°С. Приятного аппетита!",
      "created_at": "2022-02-19 10:39:14.992277+03:00",
      "updated_at": "2022-02-19 10:39:14.992277+03:00",
      "ingredient": [
        1,
        2,
        5,
        7,
        12,
        13,
        14,
        15,
        17
      ],
      "image": "images/recipes/Casserole.jpeg",
      "user": 2
    }
  },
  {
    "model": "recipes.recipe",
    "pk": 3,
    "fields": {
      "title": "Омлет на молоке",
      "instruction": "4 яйца разбиваем в глубокую миску. Добавляем 1/4 столовой ложки соли. Разбалтываем вилкой или венчиком до однородности. Вливаем 100 мл молока. Тщательно перемешиваем. В сковороде на среднем огне разогреваем 1 столовую ложку растительного масла. Выливаем яичную смесь в сковороду. Убавляем огонь до минимума, накрываем сковороду крышкой и готовим омлет примерно 5 минут, до полного схватывания яичной массы. Нежнейший омлет на молоке готов. Приятного аппетита!",
      "created_at": "2022-02-19 10:39:14.992277+03:00",
      "updated_at": "2022-02-19 10:39:14.992277+03:00",
      "ingredient": [
        6,
        8,
        14,
        17
      ],
      "image": "images/recipes/Omelette.jpeg",
      "user": 2
    }
  },
  {
    "model": "recipes.recipe",
    "pk": 4,
    "fields": {
      "title": "Отбивные из фарша",
      "instruction": "400г. фарша посолите и поперчите. Хорошо вымешайте. Одно яйцо взбейте с помощью вилки до соединения.  Из фарша сформуйте биточки приплюснутой формы. Панируйте в муке с двух сторон. Затем опустите в яйцо. Кладите отбивные в хорошо разогретое масло. Жарьте с двух сторон до полной готовности. Подавайте со свежими овощами и салатом. Приятного аппетита!",
      "created_at": "2022-02-19 10:39:14.992277+03:00",
      "updated_at": "2022-02-19 10:39:14.992277+03:00",
      "ingredient": [
        6,
        10,
        11,
        14,
        17,
        18
      ],
      "image": "images/recipes/Chops.jpeg",
      "user": 2
    }
  },
  {
    "model": "recipes.recipe",
    "pk": 5,
    "fields": {
      "title": "Куриные рулеты с грибами",
      "instruction": "100г. шампиньонов и головку лука мелко порезать. Обжарить до готовности. 300г. филе грудки отбить. Приправить солью и специями. Положить начинку. Свернуть рулет, завязать кулинарной нитью. Приправить. Выложить в форму, добавить 2 шт. картофеля. Запекать при 180 градусах 40 минут. Приятного аппетита!",
      "created_at": "2022-02-19 10:39:14.992277+03:00",
      "updated_at": "2022-02-19 10:39:14.992277+03:00",
      "ingredient": [
        3,
        4,
        6,
        9,
        11,
        14,
        16,
        19
      ],
      "image": "images/recipes/Chicken_rolls.jpeg",
      "user": 2
    }
  },
  {
    "model": "recipes.recipe",
    "pk": 6,
    "fields": {
      "title": "Рис с овощами в мультиварке",
      "instruction": "Одну среднюю морковь, один перец, одну луковицу и 2 зубчика чеснока порезать кубиками. Добавить 120г. зеленого горошка. Обжарить овощи 5 минут в режиме \"Выпечка\". Добавить 200г. риса. Влить немного воды. Добавить соль, перец и готовить в режиме \"Плов\" 40 минут. Приятного аппетита!",
      "created_at": "2022-02-19 10:39:14.992277+03:00",
      "updated_at": "2022-02-19 10:39:14.992277+03:00",
      "ingredient": [
        4,
        6,
        11,
        14,
        20,
        21,
        22,
        23,
        29
      ],
      "image": "images/recipes/Rice_with_vegetables.jpeg",
      "user": 1
    }
  },
  {
    "model": "recipes.recipe",
    "pk": 7,
    "fields": {
      "title": "Помидоры с сыром в духовке",
      "instruction": "Разогрейте духовку до 200 гр. 1 ст. ложку оливок нарежьте, 150г. сыра мелко нарежьте. Смешайте оливки, сыр и 2 ч. ложки базилика. У восьми помидоров среднего размера срежьте верхушку, чтобы получилась крышечка. При помощи чайной ложки или нуазетки выньте мякоть и семена из каждого помидора. Наполните помидоры сырной начинкой и накройте крышечками. Выложите на противень или в форму для запекания. Сбрызните оливковым маслом. Запекайте 15-20 минут. Подавайте сразу же. Приятного аппетита!",
      "created_at": "2022-02-19 10:39:14.992277+03:00",
      "updated_at": "2022-02-19 10:39:14.992277+03:00",
      "ingredient": [
        6,
        24,
        25,
        26,
        27
      ],
      "image": "images/recipes/Tomatoes_with_cheese.jpeg",
      "user": 1
    }
  },
  {
    "model": "recipes.recipe",
    "pk": 8,
    "fields": {
      "title": "Паста с помидорами",
      "instruction": "Сварить 200г. пасты согласно инструкции на упаковке. 2 томата порезать. 1 зубчик чеснока мелко порубить. Замариновать томаты в оливковом масле с чесноком на время, пока варится паста. Готовую пасту слить. Смешать с помидорами. Украсить базиликом. Приятного аппетита!",
      "created_at": "2022-02-19 10:39:14.992277+03:00",
      "updated_at": "2022-02-19 10:39:14.992277+03:00",
      "ingredient": [
        6,
        24,
        27,
        28,
        29
      ],
      "image": "images/recipes/Paste.jpeg",
      "user": 1
    }
  },
  {
    "model": "recipes.recipe",
    "pk": 9,
    "fields": {
      "title": "Котлеты из фарша",
      "instruction": "500г. фарша посолить, приправить перцем. Добавить мелко порезанную головку лука. Хорошо перемешать. Добавить одно яйцо, чтобы котлеты хорошо держали форму при жарке. Сформировать котлеты. Обжарить котлеты на масле с двух сторон до румянности. Приятного аппетита!",
      "created_at": "2022-02-19 10:39:14.992277+03:00",
      "updated_at": "2022-02-19 10:39:14.992277+03:00",
      "ingredient": [
        4,
        6,
        10,
        11,
        14,
        17
      ],
      "image": "images/recipes/Cutlets.jpeg",
      "user": 1
    }
  },
  {
    "model": "recipes.recipe",
    "pk": 10,
    "fields": {
      "title": "Борщ",
      "instruction": "500г. куриного филе слегка обжарить. Одну среднюю морковь, один перец, одну луковицу, одну свеклу порезать. Обжарить 1-2 минуты. Добавить порезаный помидор. Готовить еще около 5 минут. Добавить воду, лавровый лист. Посолить. Вернуть на огонь. 500г. картофеля почистить, порезать, добавить в бульон. Порезать 1/6 часть среднего кочана капусты, добавить в бульон.  Варить до готовности картофеля",
      "created_at": "2022-02-19 10:39:14.992277+03:00",
      "updated_at": "2022-02-19 10:39:14.992277+03:00",
      "ingredient": [
        3,
        4,
        6,
        14,
        19,
        21,
        22,
        24,
        30,
        31
      ],
      "image": "images/recipes/Borsch.jpeg",
      "user": 1
    }
  },
  {
    "model": "recipes.ingredient",
    "pk": 1,
    "fields": {
      "title": "Ванилин"
    }
  },
  {
    "model": "recipes.ingredient",
    "pk": 2,
    "fields": {
      "title": "Изюм"
    }
  },
  {
    "model": "recipes.ingredient",
    "pk": 3,
    "fields": {
      "title": "Картофель"
    }
  },
  {
    "model": "recipes.ingredient",
    "pk": 4,
    "fields": {
      "title": "Лук репчатый"
    }
  },
  {
    "model": "recipes.ingredient",
    "pk": 5,
    "fields": {
      "title": "Манная крупа"
    }
  },
  {
    "model": "recipes.ingredient",
    "pk": 6,
    "fields": {
      "title": "Масло растительное"
    }
  },
  {
    "model": "recipes.ingredient",
    "pk": 7,
    "fields": {
      "title": "Масло сливочное"
    }
  },
  {
    "model": "recipes.ingredient",
    "pk": 8,
    "fields": {
      "title": "Молоко"
    }
  },
  {
    "model": "recipes.ingredient",
    "pk": 9,
    "fields": {
      "title": "Паприка"
    }
  },
  {
    "model": "recipes.ingredient",
    "pk": 10,
    "fields": {
      "title": "Фарш"
    }
  },
  {
    "model": "recipes.ingredient",
    "pk": 11,
    "fields": {
      "title": "Перец черный"
    }
  },
  {
    "model": "recipes.ingredient",
    "pk": 12,
    "fields": {
      "title": "Сахар"
    }
  },
  {
    "model": "recipes.ingredient",
    "pk": 13,
    "fields": {
      "title": "Сметана"
    }
  },
  {
    "model": "recipes.ingredient",
    "pk": 14,
    "fields": {
      "title": "Соль"
    }
  },
  {
    "model": "recipes.ingredient",
    "pk": 15,
    "fields": {
      "title": "Творог"
    }
  },
  {
    "model": "recipes.ingredient",
    "pk": 16,
    "fields": {
      "title": "Шампиньоны"
    }
  },
  {
    "model": "recipes.ingredient",
    "pk": 17,
    "fields": {
      "title": "Яйца куриные"
    }
  },
  {
    "model": "recipes.ingredient",
    "pk": 18,
    "fields": {
      "title": "Мука"
    }
  },
  {
    "model": "recipes.ingredient",
    "pk": 19,
    "fields": {
      "title": "Куриная грудка"
    }
  },
  {
    "model": "recipes.ingredient",
    "pk": 20,
    "fields": {
      "title": "Рис"
    }
  },
  {
    "model": "recipes.ingredient",
    "pk": 21,
    "fields": {
      "title": "Морковь"
    }
  },
  {
    "model": "recipes.ingredient",
    "pk": 22,
    "fields": {
      "title": "Перец красный сладкий"
    }
  },
  {
    "model": "recipes.ingredient",
    "pk": 23,
    "fields": {
      "title": "Горошек зеленый"
    }
  },
  {
    "model": "recipes.ingredient",
    "pk": 24,
    "fields": {
      "title": "Помидоры"
    }
  },
  {
    "model": "recipes.ingredient",
    "pk": 25,
    "fields": {
      "title": "Сыр"
    }
  },
  {
    "model": "recipes.ingredient",
    "pk": 26,
    "fields": {
      "title": "Оливки"
    }
  },
  {
    "model": "recipes.ingredient",
    "pk": 27,
    "fields": {
      "title": "Базилик сушеный"
    }
  },
  {
    "model": "recipes.ingredient",
    "pk": 28,
    "fields": {
      "title": "Макаронные изделия"
    }
  },
  {
    "model": "recipes.ingredient",
    "pk": 29,
    "fields": {
      "title": "Чеснок"
    }
  },
  {
    "model": "recipes.ingredient",
    "pk": 30,
    "fields": {
      "title": "Лавровый лист"
    }
  },
  {
    "model": "recipes.ingredient",
    "pk": 31,
    "fields": {
      "title": "Свекла"
    }
  },
  {
    "model": "users.user",
    "pk": 1,
    "fields": {
      "password": "pbkdf2_sha256$320000$izI1ZkwilSIa5NjFXtXVIz$H7/JIKnlrJfRRDfxBxC8Fm/3Zd6OVCgF01m97du7WyY=",
      "last_login": "2022-02-21T05:12:56.111Z",
      "is_superuser": false,
      "username": "Jim",
      "first_name": "",
      "last_name": "",
      "email": "jim@gmail.com",
      "is_staff": false,
      "is_active": true,
      "date_joined": "2022-02-21T05:12:55.913Z",
      "photo": "images/users/Jim.jpeg",
      "groups": [],
      "user_permissions": []
    }
  },
  {
    "model": "users.user",
    "pk": 2,
    "fields": {
      "password": "pbkdf2_sha256$320000$GJ7BKhoRDZiYLPxbyWqilz$wPCR7UNfu4BQqCzMcZnunEzn3fDM0iGtp7tCEbsBsXE=",
      "last_login": "2022-02-21T05:13:53.920Z",
      "is_superuser": false,
      "username": "Arni",
      "first_name": "",
      "last_name": "",
      "email": "arni@gmail.com",
      "is_staff": false,
      "is_active": true,
      "date_joined": "2022-02-21T05:13:53.730Z",
      "photo": "images/users/Arni.jpeg",
      "groups": [],
      "user_permissions": []
    }
  }
]
